IDVideo ,NombreVideo ,Director ,Descripcion ,Duracion, Tipo, IDCategoria, Fecha
01,Wake Island,Garv Duddell,intriga lorem vitae mattis nibh ligula nec sem duis aliquam convallis nunc proin,63.42, Serie,1, 12/10/2020
86,Tampopo,Cherrita Arnet,eget vulputate ut ultrices vel augue vestibulum ante ipsum primis in intriga orci luctus et ultrices posuere cubilia,2.35, Pelicula,2,21/12/2020
24,Homer & Eddie,Bette-ann Maton,volutpat intriga morbi odio odio elementum eu interdum eu tincidunt in leo maecenas pulvinar lobortis est phasellus sit amet,98.43, Documental, 3,12/09/2020
14,Kissing Jessica Stein,Waverley Charrisson,in intriga orci luctus et ultrices posuere cubilia curae mauris viverra diam vitae,92.09, Serie,4,15/01/2021
98,"Pink Panther, The",Meghan Sprowle,praesent blandit lacinia erat vestibulum sed magna at nunc commodo placerat,58.03, Pelicula,11,17/11/2020
79,Madagascar,Latrena Rosoman,venenatis tristique fusce congue diam id ornare imperdiet sapien urna pretium nisl ut volutpat sapien arcu sed augue aliquam,53.55, Serie,12,22/10/2020
02,"Big Parade, The",Godfry Krienke,vestibulum ante ipsum primis in intriga orci luctus et ultrices posuere,7.17, Pelicula,1,19/10/2020
85,"Mesmerist, The",Annabel Ferrotti,sed lacus morbi sem mauris laoreet ut rhoncus aliquet pulvinar sed nisl nunc rhoncus,13.14, Serie,2,02/01/2021
49,Downloading Nancy,Camilla Melland,semper interdum mauris ullamcorper purus sit amet nulla quisque arcu libero rutrum ac lobortis vel dapibus at diam nam tristique,79.65, Pelicula,4,06/11/2020
77,Je suis n√© d'une cigogne,Idette Emmison,eget eleifend luctus ultricies eu nibh quisque id justo sit amet sapien dignissim vestibulum vestibulum ante ipsum primis in,5.61, Documental,11,09/01/2021
74,"Escapist, The",Minor Dulany,leo odio porttitor id consequat in consequat ut nulla sed accumsan felis ut at,67.9, Pelicula,12,21/10/2020
07,Once in a Lifetime: The Extraordinary Story of the New York Cosmos,Nickey Hackelton,morbi porttitor lorem id ligula suspendisse ornare consequat lectus in est risus,73.42, Serie,1,18/12/2020
82,Ossessione,Bernard Peers,fusce lacus purus aliquet at feugiat non pretium quis lectus suspendisse potenti in eleifend quam,50.38, Serie,2,31/10/2020
27,"Ladies Man, The",Issie Wharf,sed magna at nunc commodo placerat praesent blandit nam nulla integer pede justo lacinia,90.02, Documental,3,05/01/2021
45,"Chinoise, La",Becca Mendes,lorem quisque ut erat curabitur gravida nisi at nibh in hac habitasse platea,55.61, Documental,4,26/11/2020
60,Kocken,Marcille Pote,eget rutrum at lorem integer tincidunt ante vel ipsum praesent blandit lacinia erat vestibulum sed magna at nunc commodo,19.59, Serie,11,14/10/2020
96,Grass,Xever Griswood,rhoncus aliquam lacus morbi quis tortor id nulla ultrices aliquet maecenas leo odio condimentum id luctus nec molestie sed,26.46, Documental,2,12/11/2020
16,"Desert of Forbidden Art, The",Sallie Sango,vestibulum ante ipsum primis in intriga orci luctus et ultrices,29.31, Documental,2,21/10/2020
75,Fata Morgana,Sara Chaloner,cras pellentesque volutpat dui maecenas tristique est et tempus semper est quam pharetra magna ac consequat metus sapien ut,51.34, Serie,1,03/10/2020
73,"Boy in the Striped Pajamas, The (Boy in the Striped Pyjamas, The)",Marjorie Tofts,intriga orci luctus et intriga posuere cubilia curae donec pharetra magna vestibulum aliquet ultrices,64.77, Pelicula,2,03/10/2020
62,Hesher,Kandy Tiffney,purus sit amet nulla quisque arcu libero rutrum ac lobortis vel dapibus at diam nam tristique tortor,96.7, Documental, 3, 28/10/2020
67,"Mirror Has Two Faces, The",Brooks Cottel,amet nunc viverra dapibus nulla suscipit ligula in lacus curabitur at,66.99, Pelicula,11,04/01/2021
36,"Milk of Sorrow, The (Teta asustada, La)",Dougy Wyllt,sociis natoque penatibus et magnis dis parturient montes nascetur ridiculus mus etiam vel,73.19, Serie,12,30/11/2020
56,The Grump,Clayton Allman,nulla ultrices aliquet maecenas leo odio condimentum id luctus nec molestie sed justo pellentesque viverra pede ac diam cras pellentesque,38.24, Serie,2,05/10/2020
55,"Omega Code, The",Angelico Canete,ultrices posuere cubilia curae donec pharetra magna vestibulum aliquet ultrices erat tortor sollicitudin mi sit,71.59, Documental,11,29/12/2020
12,Night and the City,Joye Enric,imperdiet nullam orci pede venenatis non sodales sed tincidunt eu felis fusce posuere felis sed lacus morbi sem,17.83, Pelicula,12,30/11/2020
42,Meat Love,Addy Eymor,erat tortor sollicitudin mi sit amet lobortis sapien sapien non mi,38.24, Serie,1, 30/11/2020
80,Final Destination,Domenico Macellar,ultrices phasellus id sapien in sapien iaculis congue vivamus metus arcu intriga molestie hendrerit at,62.68, Serie,2,10/01/2021
88,Cloak & Dagger,Kalindi Kilban,lorem quisque ut erat curabitur gravida nisi at nibh in hac habitasse platea dictumst aliquam augue quam sollicitudin,47.83, Documental,4,14/10/2020
26,Another Happy Day,Suzann Noorwood,in leo maecenas pulvinar lobortis est phasellus sit amet erat nulla tempus vivamus in felis eu sapien cursus vestibulum,24.24, Serie,12,21/12/2020
53,"Scarlet and the Black, The",Sibelle Scarsbrick,et tempus semper est quam pharetra magna ac consequat metus,32.28, Serie,1,05/01/2021
52,"Murder of Fred Hampton, The",Korey Attoc,in sapien iaculis congue vivamus metus arcu intriga molestie hendrerit,29.48, Documental,2,31/10/2020